<?xml version="1.0" encoding="UTF-8"?>
<project-private xmlns="http://www.netbeans.org/ns/project-private/1">
    <editor-bookmarks xmlns="http://www.netbeans.org/ns/editor-bookmarks/2" lastBookmarkId="0"/>
    <open-files xmlns="http://www.netbeans.org/ns/projectui-open-files/2">
        <group>
            <file>file:/C:/Users/Dell/OneDrive/Documents/NetBeansProjects/online%20food%20odering/src/add_delivery_boy.java</file>
            <file>file:/C:/Users/Dell/OneDrive/Documents/NetBeansProjects/online%20food%20odering/src/Welcom.java</file>
        </group>
    </open-files>
</project-private>
